,Id,SalePrice,LotArea,Street,OverallQual,OverallCond,KitchenQual,YearBuilt,Neighborhood
0,101,205000,10603,Pave,6,7,Gd,1977,NWAmes
1,102,178000,9206,Pave,6,5,Gd,1985,SawyerW
2,103,118964,7018,Pave,5,5,TA,1979,SawyerW
3,104,198900,10402,Pave,7,5,Gd,2009,CollgCr
4,105,169500,7758,Pave,7,4,TA,1931,IDOTRR
5,106,250000,9375,Pave,8,5,Gd,2003,Somerst
6,107,100000,10800,Pave,4,7,TA,1885,OldTown
7,108,115000,6000,Pave,5,5,TA,1948,OldTown
8,109,115000,8500,Pave,5,7,Fa,1919,IDOTRR
9,110,190000,11751,Pave,6,6,TA,1977,NWAmes
10,111,136900,9525,Pave,6,4,TA,1954,Edwards
11,112,180000,7750,Pave,7,5,TA,2000,Gilbert
12,113,383970,9965,Pave,7,5,Ex,2007,CollgCr
13,114,217000,21000,Pave,6,5,Gd,1953,Crawfor
14,115,259500,7259,Pave,6,8,Gd,1945,Crawfor
15,116,176000,3230,Pave,6,5,TA,1999,Somerst
16,117,139000,11616,Pave,5,5,TA,1962,Sawyer
17,118,155000,8536,Pave,5,5,TA,2006,Edwards
18,119,320000,12376,Pave,7,5,Gd,1990,SawyerW
19,120,163990,8461,Pave,6,5,Gd,2005,CollgCr
20,121,180000,21453,Pave,6,5,TA,1969,ClearCr
21,122,100000,6060,Pave,4,5,TA,1939,IDOTRR
22,123,136000,9464,Pave,6,7,TA,1958,NAmes
23,124,153900,7892,Pave,6,5,Gd,1993,SawyerW
24,125,181000,17043,Pave,6,5,TA,1979,NWAmes
25,126,84500,6780,Pave,6,8,TA,1935,IDOTRR
26,127,128000,4928,Pave,6,5,TA,1976,NPkVill
27,128,87000,4388,Pave,5,7,TA,1930,OldTown
28,129,155000,7590,Pave,6,5,TA,1966,NAmes
29,130,150000,8973,Pave,5,7,Ex,1958,NAmes
30,131,226000,14200,Pave,7,6,Gd,1966,NAmes
31,132,244000,12224,Pave,6,5,Gd,2000,Gilbert
32,133,150750,7388,Pave,5,6,Gd,1959,NAmes
33,134,220000,6853,Pave,8,5,Gd,2001,Timber
34,135,180000,10335,Pave,5,6,TA,1968,Sawyer
35,136,174000,10400,Pave,7,6,TA,1970,NWAmes
36,137,143000,10355,Pave,5,5,TA,1967,NAmes
37,138,171000,11070,Pave,7,5,TA,1988,Mitchel
38,139,230000,9066,Pave,8,5,Gd,1999,CollgCr
39,140,231500,15426,Pave,6,5,Gd,1997,CollgCr
40,141,115000,10500,Pave,4,5,TA,1971,NAmes
41,142,260000,11645,Pave,7,5,Gd,2005,CollgCr
42,143,166000,8520,Pave,5,4,TA,1952,NAmes
43,144,204000,10335,Pave,7,5,Gd,1999,CollgCr
44,145,125000,9100,Pave,5,5,TA,1963,Sawyer
45,146,130000,2522,Pave,6,5,Gd,2004,Edwards
46,147,105000,6120,Pave,5,7,TA,1931,BrkSide
47,148,222500,9505,Pave,7,5,Gd,2001,Gilbert
48,149,141000,7500,Pave,7,5,Gd,2004,SawyerW
49,150,115000,6240,Pave,5,4,TA,1936,BrkSide
50,151,122000,10356,Pave,5,6,TA,1975,CollgCr
51,152,372402,13891,Pave,8,5,Gd,2007,NridgHt
52,153,190000,14803,Pave,6,5,TA,1971,NWAmes
53,154,235000,13500,Pave,6,7,TA,1960,ClearCr
54,155,125000,11340,Pave,6,5,TA,1923,OldTown
55,156,79000,9600,Pave,6,5,TA,1924,Edwards
56,157,109500,7200,Pave,5,7,TA,1950,NAmes
57,158,269500,12003,Pave,8,5,Ex,2009,Timber
58,159,254900,12552,Pave,7,5,Gd,2004,Somerst
59,160,320000,19378,Pave,7,5,Gd,2005,Gilbert
60,161,162500,11120,Pave,6,6,TA,1984,Veenker
61,162,412500,13688,Pave,9,5,Ex,2003,NridgHt
62,163,220000,12182,Pave,7,5,Gd,2005,NridgHt
63,164,103200,5500,Pave,4,6,TA,1956,OldTown
64,165,152000,5400,Pave,6,7,Gd,1926,OldTown
65,166,127500,10106,Pave,5,7,TA,1940,Edwards
66,167,190000,10708,Pave,5,5,TA,1955,ClearCr
67,168,325624,10562,Pave,8,5,Ex,2007,NridgHt
68,169,183500,8244,Pave,7,5,Gd,2004,Gilbert
69,170,228000,16669,Pave,8,6,TA,1981,Timber
70,171,128500,12358,Pave,5,6,TA,1941,OldTown
71,172,215000,31770,Pave,6,5,TA,1960,NAmes
72,173,239000,5306,Pave,7,7,Gd,1987,StoneBr
73,174,163000,10197,Pave,6,5,TA,1961,NAmes
74,175,184000,12416,Pave,6,5,TA,1986,Timber
75,176,243000,12615,Pave,6,7,Gd,1950,Edwards
76,177,211000,10029,Pave,6,5,TA,1988,ClearCr
77,178,172500,13650,Pave,5,5,Gd,1958,Sawyer
78,179,501837,17423,Pave,9,5,Ex,2008,StoneBr
79,180,100000,8520,Pave,5,6,TA,1923,OldTown
80,181,177000,2117,Pave,6,5,Gd,2000,Somerst
81,182,200100,7588,Pave,7,6,TA,1920,Crawfor
82,183,120000,9060,Pave,5,6,TA,1957,Edwards
83,184,200000,11426,Pave,7,5,Gd,2003,OldTown
84,185,127000,7438,Pave,5,8,TA,1908,BrkSide
85,186,475000,22950,Pave,10,9,Ex,1892,OldTown
86,187,173000,9947,Pave,7,5,Gd,1990,Mitchel
87,188,135000,10410,Pave,5,7,TA,1916,OldTown
88,189,153337,7018,Pave,5,5,TA,1979,SawyerW
89,190,286000,4923,Pave,8,5,Ex,2001,StoneBr
90,191,315000,10570,Pave,8,8,Gd,1932,Crawfor
91,192,184000,7472,Pave,7,9,Gd,1972,NAmes
92,193,192000,9017,Pave,7,5,Gd,1999,CollgCr
93,194,130000,2522,Pave,7,5,Gd,2004,Edwards
94,195,127000,7180,Pave,5,7,TA,1972,CollgCr
95,196,148500,2280,Pave,6,6,TA,1976,NPkVill
96,197,311872,9416,Pave,7,5,Ex,2007,Somerst
97,198,235000,25419,Pave,8,4,Gd,1918,NAmes
98,199,104000,5520,Pave,6,6,TA,1912,OldTown
99,200,274900,9591,Pave,8,5,Ex,2004,NridgHt
100,201,140000,8546,Pave,4,5,TA,2003,Edwards
101,202,171500,10125,Pave,6,6,TA,1977,Mitchel
102,203,112000,7000,Pave,6,6,TA,1924,OldTown
103,204,149000,4438,Pave,6,5,Gd,2004,CollgCr
104,205,110000,3500,Pave,5,7,TA,1947,OldTown
105,206,180500,11851,Pave,7,5,TA,1990,Gilbert
106,207,143900,13673,Pave,5,5,TA,1962,Sawyer
107,208,141000,12493,Pave,4,5,TA,1960,NAmes
108,209,277000,14364,Pave,7,5,TA,1988,SawyerW
109,210,145000,8250,Pave,6,7,TA,1964,NAmes
110,211,98000,5604,Pave,5,6,TA,1925,Edwards
111,212,186000,10420,Pave,6,5,Gd,2009,Edwards
112,213,252678,8640,Pave,7,5,Gd,2009,Somerst
113,214,156000,13568,Pave,5,5,TA,1995,CollgCr
114,215,161750,10900,Pave,6,7,TA,1977,CollgCr
115,216,134450,10011,Pave,5,6,Gd,1957,NAmes
116,217,210000,8450,Pave,7,5,Gd,2004,CollgCr
117,218,107000,9906,Pave,4,4,TA,1925,OldTown
118,219,311500,15660,Pave,7,9,Gd,1939,Crawfor
119,220,167240,3010,Pave,7,5,Gd,2005,Blmngtn
120,221,204900,8990,Pave,7,5,Gd,2006,CollgCr
121,222,200000,8068,Pave,6,5,Gd,2002,Gilbert
122,223,179900,11475,Pave,6,6,TA,1975,NWAmes
123,224,97000,10500,Pave,4,6,TA,1971,NAmes
124,225,386250,13472,Pave,10,5,Ex,2003,NridgHt
125,226,112000,1680,Pave,5,5,TA,1971,BrDale
126,227,290000,9950,Pave,7,5,Gd,1995,NoRidge
127,228,106000,1869,Pave,6,6,TA,1970,BrDale
128,229,125000,8521,Pave,5,5,TA,1967,Sawyer
129,230,192500,3182,Pave,7,5,Gd,2005,Blmngtn
130,231,148000,8760,Pave,6,6,TA,1959,NAmes
131,232,403000,15138,Pave,8,5,Ex,1995,NoRidge
132,233,94500,1680,Pave,6,5,TA,1972,BrDale
133,234,128200,10650,Pave,5,6,TA,1976,CollgCr
134,235,216500,7851,Pave,6,5,Gd,2002,Gilbert
135,236,89500,1680,Pave,6,3,TA,1971,BrDale
136,237,185500,8773,Pave,7,5,Gd,2004,CollgCr
137,238,194500,9453,Pave,7,7,Gd,1993,SawyerW
138,239,318000,12030,Pave,8,5,Gd,2007,NridgHt
139,240,113000,8741,Pave,6,4,TA,1945,Edwards
140,241,262500,9000,Pave,8,5,Gd,2008,Somerst
141,242,110500,3880,Pave,5,9,Gd,1945,OldTown
142,243,79000,5000,Pave,5,4,TA,1900,OldTown
143,244,120000,10762,Pave,6,6,TA,1980,SawyerW
144,245,205000,8880,Pave,7,5,Gd,1994,SawyerW
145,246,241500,10400,Pave,7,5,TA,1988,NWAmes
146,247,137000,9142,Pave,6,8,Fa,1910,OldTown
147,248,140000,11310,Pave,6,5,TA,1954,NAmes
148,249,180000,11317,Pave,7,5,Gd,2003,CollgCr
149,250,277000,159000,Pave,6,7,Gd,1958,ClearCr
150,251,76500,5350,Pave,3,2,Fa,1940,BrkSide
151,252,235000,4750,Pave,8,5,Gd,2006,Crawfor
152,253,173000,8366,Pave,6,5,Gd,2004,SawyerW
153,254,158000,9350,Pave,6,7,Gd,1964,NAmes
154,255,145000,8400,Pave,5,6,TA,1957,NAmes
155,256,230000,8738,Pave,7,5,Gd,1999,Gilbert
156,257,207500,8791,Pave,6,5,Gd,2003,Somerst
157,258,220000,8814,Pave,7,5,Gd,2006,CollgCr
158,259,231500,12435,Pave,7,5,Gd,2001,CollgCr
159,260,97000,12702,Pave,5,5,TA,1956,OldTown
160,261,176000,19296,Pave,6,5,TA,1962,NAmes
161,262,276000,9588,Pave,8,5,Ex,2007,CollgCr
162,263,151000,8471,Pave,6,7,TA,1977,Sawyer
163,264,130000,5500,Pave,5,7,TA,1929,OldTown
164,265,73000,5232,Pave,5,5,TA,1925,OldTown
165,266,175500,12090,Pave,6,6,Gd,1981,NWAmes
166,267,185000,11207,Pave,6,5,TA,1997,Gilbert
167,268,179500,8400,Pave,5,8,Gd,1939,SWISU
168,269,120500,6900,Pave,5,6,TA,1940,IDOTRR
169,270,148000,7917,Pave,6,7,TA,1976,Edwards
170,271,266000,10728,Pave,8,5,Gd,2006,Somerst
171,272,241500,39104,Pave,7,7,TA,1954,ClearCr
172,273,290000,11764,Pave,8,7,Gd,1999,NoRidge
173,274,139000,9600,Pave,6,6,TA,1958,NAmes
174,275,124500,8314,Pave,5,7,TA,1982,Mitchel
175,276,205000,7264,Pave,7,7,Ex,1925,BrkSide
176,277,201000,9196,Pave,7,5,Gd,2003,Mitchel
177,278,141000,19138,Pave,4,5,TA,1951,Gilbert
178,279,415298,14450,Pave,9,5,Ex,2006,NridgHt
179,280,192000,10005,Pave,7,5,TA,1977,ClearCr
180,281,228500,11287,Pave,7,6,Gd,1989,SawyerW
181,282,185000,7200,Pave,6,5,Gd,2006,Somerst
182,283,207500,5063,Pave,7,5,Gd,2007,NridgHt
183,284,244600,9612,Pave,8,5,Gd,2008,Somerst
184,285,179200,8012,Pave,6,5,Gd,1992,SawyerW
185,286,164700,4251,Pave,7,5,Gd,2006,Somerst
186,287,159000,9786,Pave,6,7,Gd,1962,NAmes
187,288,88000,8125,Pave,4,4,TA,1971,NAmes
188,289,122000,9819,Pave,5,5,TA,1967,Sawyer
189,290,153575,8730,Pave,6,7,TA,1915,BrkSide
190,291,233230,15611,Pave,8,5,Gd,2006,CollgCr
191,292,135900,5687,Pave,5,6,Fa,1912,SWISU
192,293,131000,11409,Pave,5,4,TA,1949,Edwards
193,294,235000,16659,Pave,7,7,Gd,1977,NWAmes
194,295,167000,9600,Pave,6,5,TA,1953,NAmes
195,296,142500,7937,Pave,6,6,TA,1984,Mitchel
196,297,152000,13710,Pave,5,5,TA,1950,IDOTRR
197,298,239000,7399,Pave,7,5,Gd,1997,Somerst
198,299,175000,11700,Pave,6,6,TA,1968,NWAmes
199,300,158500,14000,Pave,6,8,Gd,1950,Crawfor
200,301,157000,15750,Pave,5,5,TA,1953,Crawfor
201,302,267000,16226,Pave,8,5,Gd,1998,CollgCr
202,303,205000,13704,Pave,7,5,Gd,2001,CollgCr
203,304,149900,9800,Pave,5,7,TA,1972,CollgCr
204,305,295000,18386,Pave,7,9,Gd,1880,OldTown
205,306,305900,10386,Pave,8,5,Gd,2004,CollgCr
206,307,225000,13474,Pave,7,5,Gd,1990,SawyerW
207,308,89500,7920,Pave,6,7,Fa,1920,IDOTRR
208,309,82500,12342,Pave,4,5,TA,1940,Edwards
209,310,360000,12378,Pave,9,5,Ex,2003,NridgHt
210,311,165600,7685,Pave,6,5,Gd,1993,Gilbert
211,312,132000,8000,Pave,6,6,TA,1948,NAmes
212,313,119900,7800,Pave,5,7,TA,1939,OldTown
213,314,375000,215245,Pave,7,5,TA,1965,Timber
214,315,178000,9600,Pave,7,7,Ex,1925,OldTown
215,316,188500,7795,Pave,7,5,Gd,2004,Gilbert
216,317,260000,13005,Pave,7,7,Ex,1980,NWAmes
217,318,270000,9000,Pave,8,5,Gd,2006,Somerst
218,319,260000,9900,Pave,7,5,Gd,1993,NoRidge
219,320,187500,14115,Pave,7,5,TA,1980,NWAmes
220,321,342643,16259,Pave,9,5,Gd,2006,NridgHt
221,322,354000,12099,Pave,8,5,Gd,2004,NridgHt
222,323,301000,10380,Pave,7,5,Gd,1986,SawyerW
223,324,126175,5820,Pave,3,8,TA,1955,OldTown
224,325,242000,11275,Pave,7,7,Gd,1967,NAmes
225,326,87000,5000,Pave,5,6,TA,1941,IDOTRR
226,327,324000,10846,Pave,8,5,Gd,1993,Veenker
227,328,145250,11600,Pave,6,5,TA,1960,NAmes
228,329,214500,11888,Pave,6,6,Gd,1916,BrkSide
229,330,78000,6402,Pave,5,5,TA,1920,IDOTRR
230,331,119000,10624,Pave,5,4,TA,1964,NAmes
231,332,139000,8176,Pave,5,6,TA,1958,NAmes
232,333,284000,10655,Pave,8,5,Gd,2003,NridgHt
233,334,207000,8198,Pave,7,5,Gd,2004,NridgHt
234,335,192000,9042,Pave,6,5,TA,1998,Gilbert
235,336,228950,164660,Grvl,5,6,TA,1965,Timber
236,337,377426,14157,Pave,9,5,Gd,2005,StoneBr
237,338,214000,9135,Pave,7,5,Gd,2002,CollgCr
238,339,202500,14145,Pave,7,7,Gd,1984,NWAmes
239,340,155000,12400,Pave,6,7,TA,1958,NAmes
240,341,202900,14191,Pave,8,5,Gd,2002,Timber
241,342,82000,8400,Pave,4,4,TA,1950,SawyerW
242,343,87500,8544,Pave,3,4,TA,1949,NAmes
243,344,266000,8849,Pave,9,5,Ex,2005,NridgHt
244,345,85000,2592,Pave,5,3,TA,1976,MeadowV
245,346,140200,6435,Pave,6,5,Fa,1939,BrkSide
246,347,151500,12772,Pave,6,8,TA,1960,NAmes
247,348,157500,17600,Pave,6,5,TA,1960,NAmes
248,349,154000,2448,Pave,7,5,Gd,2003,NridgHt
249,350,437154,20431,Pave,9,5,Ex,2005,NridgHt
250,351,318061,7820,Pave,9,5,Ex,2007,NridgHt
251,352,190000,5271,Pave,7,5,Gd,1986,ClearCr
252,353,95000,9084,Pave,5,6,TA,1941,Edwards
253,354,105900,8520,Pave,6,8,TA,1928,OldTown
254,355,140000,8400,Pave,6,5,TA,1940,SWISU
255,356,177500,11249,Pave,6,5,Gd,1995,CollgCr
256,357,173000,9248,Pave,6,6,Gd,1992,Gilbert
257,358,134000,4224,Pave,5,5,TA,1976,MeadowV
258,359,130000,6930,Pave,5,4,Gd,1958,ClearCr
259,360,280000,12011,Pave,8,5,Gd,1998,NoRidge
260,361,156000,7540,Pave,6,6,TA,1978,Mitchel
261,362,145000,9144,Pave,5,5,TA,1940,BrkSide
262,363,198500,7301,Pave,7,5,Gd,2003,Edwards
263,364,118000,1680,Pave,6,8,Gd,1972,BrDale
264,365,190000,18800,Pave,6,5,TA,1976,NWAmes
265,366,147000,10690,Pave,5,7,TA,1920,IDOTRR
266,367,159000,9500,Pave,6,5,TA,1963,NAmes
267,368,165000,9150,Pave,6,5,TA,1962,NAmes
268,369,132000,7800,Pave,5,6,TA,1954,NAmes
269,370,162000,9830,Pave,5,7,Gd,1959,NAmes
270,371,172400,8121,Pave,6,5,TA,2000,Gilbert
271,372,134432,17120,Pave,4,4,TA,1959,ClearCr
272,373,125000,7175,Pave,6,5,TA,1984,SawyerW
273,374,123000,10634,Pave,5,6,TA,1953,NAmes
274,375,219500,8200,Pave,7,5,Gd,2003,CollgCr
275,376,61000,10020,Pave,1,1,Fa,1922,Edwards
276,377,148000,8846,Pave,5,5,TA,1996,CollgCr
277,378,340000,11143,Pave,8,5,Gd,2004,Somerst
278,379,394432,11394,Pave,9,2,Ex,2010,StoneBr
279,380,179000,8123,Pave,6,5,TA,2000,Gilbert
280,381,127000,5000,Pave,5,6,Gd,1924,SWISU
281,382,187750,7200,Pave,7,5,Gd,2006,Somerst
282,383,213500,9245,Pave,7,5,Gd,2006,CollgCr
283,384,76000,9000,Pave,6,3,TA,1928,SawyerW
284,385,240000,53107,Pave,6,5,Gd,1992,ClearCr
285,386,192000,3182,Pave,8,5,Gd,2004,Blmngtn
286,387,81000,8410,Pave,5,3,TA,1910,Edwards
287,388,125000,7200,Pave,6,6,TA,1976,Edwards
288,389,191000,9382,Pave,7,5,Gd,1999,CollgCr
289,390,426000,12474,Pave,10,5,Ex,2007,NridgHt
290,391,119000,8405,Pave,5,8,TA,1900,Edwards
291,392,215000,12209,Pave,6,5,Gd,2001,Mitchel
292,393,106500,8339,Pave,5,7,TA,1959,NAmes
293,394,100000,7446,Pave,4,5,TA,1941,BrkSide
294,395,109000,10134,Pave,5,6,TA,1940,OldTown
295,396,129000,9571,Pave,5,6,TA,1956,Edwards
296,397,123000,7200,Pave,5,5,TA,1972,CollgCr
297,398,169500,7590,Pave,5,5,TA,1962,NAmes
298,399,67000,8967,Pave,5,2,TA,1920,IDOTRR
299,400,241000,8125,Pave,7,5,Gd,2006,Somerst
300,401,245500,14963,Pave,8,5,Ex,1996,Veenker
301,402,164990,8767,Pave,7,5,Gd,2005,CollgCr
302,403,108000,10200,Pave,5,8,TA,1940,Sawyer
303,404,258000,12090,Pave,8,5,Gd,1998,NoRidge
304,405,168000,10364,Pave,6,5,TA,1995,Gilbert
305,406,150000,9991,Pave,4,4,TA,1976,Sawyer
306,407,115000,10480,Pave,6,5,TA,1936,SWISU
307,408,177000,15576,Pave,6,7,TA,1915,Crawfor
308,409,280000,14154,Pave,7,5,Gd,2006,NridgHt
309,410,339750,10800,Pave,8,5,Ex,2007,Somerst
310,411,60000,9571,Pave,5,3,TA,1958,Edwards
311,412,145000,34650,Pave,5,5,TA,1955,Gilbert
312,413,222000,4403,Pave,7,5,Gd,2009,Somerst
313,414,115000,8960,Pave,5,6,TA,1927,OldTown
314,415,228000,11228,Pave,7,5,Gd,1993,SawyerW
315,416,181134,8899,Pave,7,5,Gd,2007,Gilbert
316,417,149500,7844,Pave,6,7,TA,1978,Sawyer
317,418,239000,22420,Pave,6,6,TA,1918,Crawfor
318,419,126000,8160,Pave,5,6,TA,1940,Edwards
319,420,142000,8450,Pave,5,6,TA,1968,NAmes
320,421,206300,7060,Pave,7,5,TA,1997,Mitchel
321,422,215000,16635,Pave,6,7,Gd,1977,NWAmes
322,423,113000,21750,Pave,5,5,TA,1954,Mitchel
323,424,315000,9200,Pave,8,5,Gd,1998,NoRidge
324,425,139000,9000,Pave,6,5,TA,1956,NAmes
325,426,135000,3378,Pave,7,8,TA,1946,OldTown
326,427,275000,12800,Pave,7,5,Gd,1989,SawyerW
327,428,109008,8593,Pave,4,6,TA,1957,NAmes
328,429,195400,6762,Pave,7,5,Gd,2007,CollgCr
329,430,175000,11457,Pave,6,5,Gd,1988,Timber
330,431,85400,1680,Pave,6,5,TA,1971,BrDale
331,432,79900,5586,Pave,6,7,TA,1920,OldTown
332,433,122500,1920,Pave,5,5,TA,1971,BrDale
333,434,181000,10839,Pave,6,5,TA,1997,Gilbert
334,435,81000,1890,Pave,4,7,TA,1972,MeadowV
335,436,212000,10667,Pave,7,6,Gd,1996,CollgCr
336,437,116000,4400,Pave,6,8,TA,1920,OldTown
337,438,119000,6000,Pave,6,7,TA,1926,BrkSide
338,439,90350,4280,Pave,5,6,Gd,1913,Crawfor
339,440,110000,12354,Pave,6,8,Gd,1920,Edwards
340,441,555000,15431,Pave,10,5,Ex,2008,NridgHt
341,442,118000,12108,Pave,4,4,Fa,1955,Edwards
342,443,162900,6240,Pave,5,7,TA,1930,BrkSide
343,444,172500,3922,Pave,7,5,Gd,2006,Blmngtn
344,445,210000,8750,Pave,7,5,Gd,1994,CollgCr
345,446,127500,9855,Pave,6,5,TA,1956,Edwards
346,447,190000,16492,Pave,6,6,Gd,1966,NAmes
347,448,199900,11214,Pave,7,5,Gd,1998,Gilbert
348,449,119500,8600,Pave,6,6,TA,1937,IDOTRR
349,450,120000,6000,Pave,3,7,TA,1948,OldTown
350,451,110000,5684,Pave,6,8,Gd,1930,OldTown
351,452,280000,70761,Pave,7,5,Gd,1975,ClearCr
352,453,204000,9303,Pave,6,5,TA,1996,Timber
353,454,210000,9000,Pave,8,5,Gd,2008,Somerst
354,455,188000,9297,Pave,5,5,TA,1976,Mitchel
355,456,175500,9600,Pave,7,6,TA,1973,NWAmes
356,457,98000,4571,Pave,5,5,TA,1916,OldTown
357,458,256000,53227,Pave,4,6,Gd,1954,ClearCr
358,459,161000,5100,Pave,8,7,Gd,1925,OldTown
359,460,110000,7015,Pave,5,4,Gd,1950,BrkSide
360,461,263435,8004,Pave,8,5,TA,2009,Somerst
361,462,155000,7200,Pave,7,9,Gd,1936,SWISU
362,463,62383,8281,Pave,5,5,TA,1965,Sawyer
363,464,188700,11988,Pave,6,7,TA,1934,Crawfor
364,465,124000,8430,Pave,5,5,TA,1978,CollgCr
365,466,178740,3072,Pave,7,5,Gd,2004,Blmngtn
366,467,167000,10628,Pave,7,5,TA,1970,NAmes
367,468,146500,9480,Pave,5,7,Gd,1942,NAmes
368,469,250000,11428,Pave,8,5,Gd,2006,NridgHt
369,470,187000,9291,Pave,6,5,Gd,1993,SawyerW
370,471,212000,6820,Pave,8,5,Gd,1985,StoneBr
371,472,190000,11952,Pave,7,6,TA,1977,NWAmes
372,473,148000,3675,Pave,6,5,TA,2005,Edwards
373,474,440000,14977,Pave,8,5,Gd,2006,NridgHt
374,475,251000,5330,Pave,8,5,Ex,2000,StoneBr
375,476,132500,8480,Pave,5,6,TA,1963,Sawyer
376,477,208900,13125,Pave,6,5,Gd,1997,CollgCr
377,478,380000,13693,Pave,9,5,Ex,2006,NridgHt
378,479,297000,10637,Pave,8,5,Gd,2007,CollgCr
379,480,89471,5925,Pave,4,7,TA,1937,OldTown
380,481,326000,16033,Pave,9,5,Gd,2004,NridgHt
381,482,374000,11846,Pave,9,5,Ex,2003,NridgHt
382,483,155000,2500,Pave,7,8,Ex,1915,OldTown
383,484,164000,4500,Pave,6,5,TA,1998,Mitchel
384,485,132500,7758,Pave,5,7,Gd,1962,Sawyer
385,486,147000,9600,Pave,5,7,Gd,1950,NAmes
386,487,156000,10289,Pave,5,7,TA,1965,NAmes
387,488,175000,12243,Pave,5,6,TA,1971,NWAmes
388,489,160000,10800,Pave,5,4,TA,1900,OldTown
389,490,86000,1526,Pave,4,8,Gd,1970,MeadowV
390,491,115000,2665,Pave,5,6,TA,1976,MeadowV
391,492,133000,9490,Pave,6,7,Fa,1941,NAmes
392,493,172785,15578,Pave,6,5,TA,2006,Gilbert
393,494,155000,7931,Pave,5,6,TA,1960,NAmes
394,495,91300,5784,Pave,5,8,TA,1938,OldTown
395,496,34900,7879,Pave,4,5,TA,1920,IDOTRR
396,497,430000,12692,Pave,8,5,Gd,1992,NoRidge
397,498,184000,9120,Pave,7,6,TA,1925,BrkSide
398,499,130000,7800,Pave,5,7,Gd,1967,Sawyer
399,500,120000,7535,Pave,5,7,TA,1958,NAmes
400,501,113000,1890,Pave,6,5,TA,1973,BrDale
401,502,226700,9803,Pave,7,5,Gd,2005,Somerst
402,503,140000,9170,Pave,5,7,TA,1965,Edwards
403,504,289000,15602,Pave,7,8,TA,1959,Crawfor
404,505,147000,2308,Pave,6,5,TA,1974,NPkVill
405,506,124500,7596,Pave,5,5,TA,1952,OldTown
406,507,215000,9554,Pave,8,5,Gd,1993,SawyerW
407,508,208300,7862,Pave,6,5,Gd,2009,Somerst
408,509,161000,9600,Pave,7,9,Gd,1928,OldTown
409,510,124500,9600,Pave,5,6,TA,1959,NAmes
410,511,164900,14559,Pave,5,7,TA,1951,NAmes
411,512,202665,6792,Pave,7,5,Gd,2005,NridgHt
412,513,129900,9100,Pave,5,5,TA,1958,NAmes
413,514,134000,9187,Pave,6,5,TA,1983,Mitchel
414,515,96500,10594,Pave,5,5,TA,1926,Crawfor
415,516,402861,12220,Pave,10,5,Ex,2009,NridgHt
416,517,158000,10448,Pave,6,6,TA,1972,NWAmes
417,518,265000,10208,Pave,7,5,Gd,1996,NoRidge
418,519,211000,9531,Pave,6,5,TA,1998,CollgCr
419,520,234000,10918,Pave,7,9,Gd,1926,Crawfor
420,521,106250,10800,Pave,4,7,TA,1900,OldTown
421,522,150000,11988,Pave,6,6,TA,1957,NAmes
422,523,159000,5000,Pave,6,7,TA,1947,BrkSide
423,524,184750,40094,Pave,10,5,Ex,2007,Edwards
424,525,315750,11787,Pave,7,5,Gd,1996,NoRidge
425,526,176000,7500,Pave,7,5,Gd,2005,Somerst
426,527,132000,13300,Pave,5,7,TA,1956,NAmes
427,528,446261,14948,Pave,9,5,Ex,2008,NridgHt
428,529,86000,9098,Pave,4,7,TA,1920,Edwards
429,530,200624,32668,Pave,6,3,TA,1957,Crawfor
430,531,175000,10200,Pave,6,5,Gd,1988,Timber
431,532,128000,6155,Pave,6,8,TA,1920,BrkSide
432,533,107500,7200,Pave,5,7,TA,1955,NAmes
433,534,39300,5000,Pave,1,3,Fa,1946,BrkSide
434,535,178000,9056,Pave,8,5,Gd,2004,Gilbert
435,536,107500,7000,Pave,5,7,TA,1910,Edwards
436,537,188000,8924,Pave,7,5,Gd,1998,CollgCr
437,538,111250,12735,Pave,4,5,TA,1972,NAmes
438,539,158000,11553,Pave,5,5,TA,1968,Sawyer
439,540,272000,11423,Pave,8,5,Gd,2001,CollgCr
440,541,315000,14601,Pave,9,5,Ex,2006,Timber
441,542,248000,11000,Pave,8,5,Gd,2000,NoRidge
442,543,213250,10140,Pave,7,5,Gd,1998,NWAmes
443,544,133000,4058,Pave,7,5,TA,1998,NAmes
444,545,179665,17104,Pave,7,5,Gd,2006,Gilbert
445,546,229000,13837,Pave,7,5,Gd,1988,NWAmes
446,547,210000,8737,Pave,6,7,TA,1923,BrkSide
447,548,129500,7244,Pave,5,7,TA,1970,Mitchel
448,549,125000,8235,Pave,5,7,TA,1955,OldTown
449,550,263000,9375,Pave,7,5,Gd,2003,Somerst
450,551,140000,4043,Pave,6,6,TA,1977,NPkVill
451,552,112500,6000,Pave,5,6,TA,1957,OldTown
452,553,255500,11146,Pave,8,5,Gd,2006,NridgHt
453,554,108000,8777,Pave,4,5,Gd,1949,Edwards
454,555,284000,10625,Pave,7,5,Gd,2003,NridgHt
455,556,113000,6380,Pave,5,6,TA,1922,BrkSide
456,557,141000,14850,Pave,5,5,TA,1957,NAmes
457,558,108000,11040,Pave,4,6,TA,1920,IDOTRR
458,559,175000,21872,Pave,7,5,TA,1996,Gilbert
459,560,234000,3196,Pave,7,5,Gd,2003,Blmngtn
460,561,121500,11341,Pave,5,6,TA,1957,Sawyer
461,562,170000,10010,Pave,5,5,TA,1974,Mitchel
462,563,108000,13907,Pave,5,6,TA,1940,Edwards
463,564,185000,21780,Pave,6,7,TA,1918,Edwards
464,565,268000,13346,Pave,7,5,Gd,1992,NoRidge
465,566,128000,6858,Pave,6,4,Fa,1915,SWISU
466,567,325000,11198,Pave,9,5,Ex,2005,StoneBr
467,568,214000,10171,Pave,7,5,Gd,2004,NridgHt
468,569,316600,12327,Pave,8,8,Gd,1983,SawyerW
469,570,135960,7032,Pave,5,5,TA,1979,NAmes
470,571,142600,13101,Pave,5,5,TA,1965,NAmes
471,572,120000,7332,Pave,6,6,Gd,1959,NAmes
472,573,224500,13159,Pave,7,5,Gd,2009,Timber
473,574,170000,9967,Pave,7,5,TA,2000,Gilbert
474,575,139000,10500,Pave,5,7,TA,1971,NAmes
475,576,118500,8480,Pave,5,5,TA,1947,NAmes
476,577,145000,6292,Pave,7,7,TA,1928,SWISU
477,578,164500,11777,Pave,5,6,TA,1966,Sawyer
478,579,146000,3604,Pave,7,5,Gd,2007,Somerst
479,580,131500,12150,Pave,5,5,TA,1954,OldTown
480,581,181900,14585,Pave,6,6,Gd,1960,NAmes
481,582,253293,12704,Pave,8,5,Ex,2008,NridgHt
482,583,118500,11841,Grvl,6,5,TA,1990,Edwards
483,584,325000,13500,Pave,10,9,Gd,1893,OldTown
484,585,133000,6120,Pave,4,7,Gd,1935,BrkSide
485,586,369900,11443,Pave,8,5,Gd,2005,Timber
486,587,130000,10267,Pave,6,7,Fa,1918,BrkSide
487,588,137000,8740,Pave,5,6,TA,1982,Sawyer
488,589,143000,25095,Pave,5,8,Ex,1968,ClearCr
489,590,79500,9100,Pave,5,6,TA,1930,BrkSide
490,591,185900,8320,Pave,7,5,Gd,2004,CollgCr
491,592,451950,13478,Pave,10,5,Ex,2008,NridgHt
492,593,138000,6600,Pave,5,8,TA,1982,Mitchel
493,594,140000,4435,Pave,6,5,Gd,2003,CollgCr
494,595,110000,7990,Pave,5,6,TA,1975,CollgCr
495,596,319000,11302,Pave,8,5,Gd,2005,StoneBr
496,597,114504,3600,Pave,6,7,TA,1910,OldTown
497,598,194201,3922,Pave,7,5,Gd,2006,Blmngtn
498,599,217500,12984,Pave,5,6,Gd,1977,Crawfor
499,600,151000,1950,Pave,6,6,TA,1980,Blueste
500,601,275000,10927,Pave,8,5,Ex,2005,NridgHt
501,602,141000,9000,Pave,6,6,Gd,1937,IDOTRR
502,603,220000,10041,Pave,8,5,Gd,1992,SawyerW
503,604,151000,3182,Pave,7,5,Gd,2004,Somerst
504,605,221000,12803,Pave,7,5,Gd,2002,CollgCr
505,606,205000,13600,Pave,7,6,TA,1965,NAmes
506,607,152000,12464,Pave,5,5,Gd,1996,CollgCr
507,608,225000,7800,Pave,5,8,Ex,1948,Edwards
508,609,359100,12168,Pave,8,6,TA,1934,Crawfor
509,610,118500,7943,Pave,4,5,TA,1961,Sawyer
510,611,313000,11050,Pave,9,5,Ex,2000,CollgCr
511,612,148000,10395,Pave,6,6,TA,1978,NWAmes
512,613,261500,11885,Pave,8,5,Ex,2001,CollgCr
513,614,147000,8402,Pave,5,5,TA,2007,Mitchel
514,615,75500,1491,Pave,4,6,TA,1972,MeadowV
515,616,137500,8800,Pave,6,7,Gd,1963,NAmes
516,617,183200,7861,Pave,6,5,Gd,2002,Gilbert
517,618,105500,7227,Pave,6,6,Gd,1954,NAmes
518,619,314813,11694,Pave,9,5,Gd,2007,NridgHt
519,620,305000,12244,Pave,8,5,Gd,2003,Timber
520,621,67000,8248,Pave,3,3,TA,1914,Edwards
521,622,240000,10800,Pave,6,7,TA,1974,NWAmes
522,623,135000,7064,Pave,5,6,TA,1977,Sawyer
523,624,168500,2117,Pave,6,5,Gd,2000,Somerst
524,625,165150,10400,Pave,6,5,TA,1972,NWAmes
525,626,160000,10000,Pave,6,6,TA,1962,NAmes
526,627,139900,12342,Pave,5,5,TA,1960,NAmes
527,628,153000,9600,Pave,6,6,TA,1955,NAmes
528,629,135000,11606,Pave,5,5,Fa,1969,NAmes
529,630,168500,9020,Pave,6,5,TA,1964,NAmes
530,631,124000,9000,Pave,5,6,Ex,1880,OldTown
531,632,209500,4590,Pave,8,5,Gd,2006,NridgHt
532,633,82500,11900,Pave,7,5,TA,1977,NWAmes
533,634,139400,9250,Pave,5,7,TA,1954,NAmes
534,635,144000,6979,Pave,6,5,TA,1980,OldTown
535,636,200000,10896,Pave,6,7,Fa,1914,SWISU
536,637,60000,6120,Pave,2,3,Fa,1936,BrkSide
537,638,93000,6000,Pave,5,4,Gd,1954,OldTown
538,639,85000,8777,Pave,5,7,TA,1910,Edwards
539,640,264561,3982,Pave,8,5,Ex,2006,Blmngtn
540,641,274000,12677,Pave,8,5,Ex,2003,NridgHt
541,642,226000,7050,Pave,7,5,Gd,2001,Somerst
542,643,345000,13860,Pave,8,7,Ex,1972,NAmes
543,644,152000,10793,Pave,5,5,TA,1969,NWAmes
544,645,370878,9187,Pave,9,5,Ex,2009,Somerst
545,646,143250,10530,Pave,6,5,TA,1971,NAmes
546,647,98300,7200,Pave,5,5,TA,1950,NAmes
547,648,155000,10452,Pave,6,5,TA,1953,Edwards
548,649,155000,7700,Pave,6,5,TA,1966,NAmes
549,650,84500,1936,Pave,4,6,TA,1970,MeadowV
550,651,205950,8125,Pave,7,6,Gd,2007,Somerst
551,652,108000,9084,Pave,4,5,TA,1940,Edwards
552,653,191000,8750,Pave,7,5,Gd,1996,CollgCr
553,654,135000,10320,Pave,6,7,TA,1906,IDOTRR
554,655,350000,10437,Pave,8,6,Gd,1995,NoRidge
555,656,88000,1680,Pave,6,5,TA,1971,BrDale
556,657,145500,10007,Pave,5,7,Gd,1959,NAmes
557,658,149000,7200,Pave,7,6,TA,1931,Crawfor
558,659,97500,17503,Pave,6,5,TA,1948,NAmes
559,660,167000,9937,Pave,5,7,TA,1964,Edwards
560,661,197900,12384,Pave,7,7,TA,1976,NWAmes
561,662,402000,46589,Pave,8,7,Gd,1994,NoRidge
562,663,110000,13560,Pave,6,3,TA,1968,NAmes
563,664,137500,10012,Pave,4,5,TA,1972,Edwards
564,665,423000,20896,Pave,8,5,Ex,2005,Somerst
565,666,230500,11194,Pave,8,5,Gd,2000,Gilbert
566,667,129000,18450,Pave,6,5,TA,1965,NAmes
567,668,193500,8125,Pave,6,5,Gd,1994,SawyerW
568,669,168000,14175,Pave,5,6,TA,1956,Sawyer
569,670,137500,11600,Pave,4,5,Fa,1922,Crawfor
570,671,173500,8633,Pave,6,5,Gd,2005,CollgCr
571,672,103600,6629,Pave,6,6,TA,1925,Edwards
572,673,165000,11250,Pave,6,6,TA,1977,Veenker
573,674,257500,14442,Pave,6,7,Gd,1957,Crawfor
574,675,140000,9200,Pave,6,6,TA,1965,NAmes
575,676,148500,2289,Pave,6,6,TA,1978,NPkVill
576,677,87000,9600,Pave,4,2,TA,1900,OldTown
577,678,109500,9022,Pave,5,8,Gd,1924,OldTown
578,679,372500,11844,Pave,8,5,Gd,2008,StoneBr
579,680,128500,9945,Pave,5,5,TA,1961,Sawyer
580,681,143000,8012,Pave,6,5,TA,1980,SawyerW
581,682,159434,4500,Pave,5,5,TA,1932,SWISU
582,683,173000,2887,Pave,6,5,Gd,1996,ClearCr
583,684,285000,11248,Pave,9,5,Gd,2002,CollgCr
584,685,221000,16770,Pave,7,5,TA,1998,NoRidge
585,686,207500,5062,Pave,7,5,Gd,1984,StoneBr
586,687,227875,10207,Pave,7,6,Gd,2007,Somerst
587,688,148800,5105,Pave,7,5,Gd,2004,Somerst
588,689,392000,8089,Pave,8,6,Gd,2007,StoneBr
589,690,194700,7577,Pave,6,5,Gd,2005,NridgHt
590,691,141000,4426,Pave,6,5,Gd,2004,CollgCr
591,692,755000,21535,Pave,10,6,Ex,1994,NoRidge
592,693,335000,26178,Pave,7,5,Gd,1989,Timber
593,694,108480,5400,Pave,5,6,TA,1921,OldTown
594,695,141500,6120,Pave,5,6,TA,1936,BrkSide
595,696,176000,13811,Pave,6,6,Gd,1987,Timber
596,697,89000,6000,Pave,5,7,TA,1921,BrkSide
597,698,123500,6420,Pave,5,7,TA,1952,Edwards
598,699,138500,8450,Pave,5,8,TA,1965,Sawyer
599,700,196000,4282,Pave,7,5,Gd,2004,Somerst
600,701,312500,14331,Pave,8,5,Gd,2002,Timber
601,702,140000,9600,Pave,7,5,TA,1969,NWAmes
602,703,361919,12438,Pave,8,5,Ex,2006,StoneBr
603,704,140000,7630,Pave,5,9,Gd,1900,OldTown
604,705,213000,8400,Pave,7,5,Gd,2004,CollgCr
605,706,55000,5600,Pave,4,5,Fa,1930,IDOTRR
606,707,302000,115149,Pave,7,5,Gd,1971,ClearCr
607,708,254000,6240,Pave,8,5,Gd,2006,NridgHt
608,709,179540,9018,Pave,7,5,Gd,2007,Gilbert
609,710,109900,7162,Pave,5,7,TA,1966,Sawyer
610,711,52000,4130,Pave,3,6,TA,1935,BrkSide
611,712,102776,8712,Pave,4,7,TA,1900,IDOTRR
612,713,189000,4671,Pave,8,5,Gd,1988,StoneBr
613,714,129000,9873,Pave,4,5,TA,1970,BrkSide
614,715,130500,13517,Pave,6,8,Gd,1976,Sawyer
615,716,165000,10140,Pave,6,5,TA,1974,NWAmes
616,717,159500,10800,Pave,7,8,TA,1890,OldTown
617,718,157000,10000,Pave,5,6,Gd,1973,NWAmes
618,719,341000,10542,Pave,7,5,Gd,1993,NoRidge
619,720,128500,9920,Pave,5,6,TA,1969,CollgCr
620,721,275000,6563,Pave,8,5,Gd,1985,StoneBr
621,722,143000,4426,Pave,6,5,Gd,2004,CollgCr
622,723,124500,8120,Pave,4,7,TA,1970,NAmes
623,724,135000,8172,Pave,4,6,TA,1954,Edwards
624,725,320000,13286,Pave,9,5,Ex,2007,Edwards
625,726,120500,6960,Pave,4,6,Gd,1970,NAmes
626,727,222000,21695,Pave,6,9,Gd,1988,Crawfor
627,728,194500,7314,Pave,7,5,Gd,2007,CollgCr
628,729,110000,11475,Pave,5,5,TA,1958,NAmes
629,730,103000,6240,Pave,4,5,TA,1925,IDOTRR
630,731,236500,5389,Pave,8,5,Gd,1995,StoneBr
631,732,187500,9590,Pave,7,5,Gd,2003,Timber
632,733,222500,11404,Pave,7,5,Gd,1998,CollgCr
633,734,131400,10000,Pave,5,6,TA,1961,Sawyer
634,735,108000,8978,Pave,5,5,TA,1968,Sawyer
635,736,163000,10800,Pave,7,7,TA,1914,OldTown
636,737,93500,8544,Pave,3,4,TA,1950,NAmes
637,738,239900,10463,Pave,8,5,Gd,2005,Gilbert
638,739,179000,10800,Pave,5,5,TA,1987,Edwards
639,740,190000,9313,Pave,7,5,Gd,2004,CollgCr
640,741,132000,9600,Pave,5,7,TA,1910,OldTown
641,742,142000,6768,Pave,6,8,Gd,1961,Sawyer
642,743,179000,8450,Pave,7,5,TA,2000,SawyerW
643,744,175000,12886,Pave,5,6,TA,1963,Sawyer
644,745,180000,5395,Pave,8,5,Gd,1993,StoneBr
645,746,299800,8963,Pave,8,9,Gd,1976,NWAmes
646,747,236000,8795,Pave,7,5,Gd,2000,Gilbert
647,748,265979,11700,Pave,7,7,Gd,1880,OldTown
648,749,260400,10593,Pave,7,5,Gd,1996,NoRidge
649,750,98000,8405,Pave,4,3,TA,1945,Edwards
650,751,96500,8800,Pave,4,7,TA,1910,OldTown
651,752,162000,7750,Pave,7,5,Gd,2003,Gilbert
652,753,217000,9236,Pave,6,5,Gd,1997,CollgCr
653,754,275500,10240,Pave,8,5,Ex,2005,NridgHt
654,755,156000,7930,Pave,6,8,Gd,1969,NAmes
655,756,172500,3230,Pave,6,5,TA,1999,Somerst
656,757,212000,10769,Pave,8,5,Gd,2007,CollgCr
657,758,158900,11616,Pave,6,5,TA,1978,Sawyer
658,759,179400,2280,Pave,7,5,TA,1999,Somerst
659,760,290000,12257,Pave,8,5,Gd,1995,NoRidge
660,761,127500,9100,Pave,6,6,TA,1959,NAmes
661,762,100000,6911,Pave,5,5,Fa,1924,BrkSide
662,763,215200,8640,Pave,7,5,Gd,2009,Somerst
663,764,337000,9430,Pave,8,5,Gd,1999,NoRidge
664,765,270000,9549,Pave,8,5,Ex,1995,Veenker
665,766,264132,14587,Pave,9,5,Ex,2008,Somerst
666,767,196500,10421,Pave,7,5,TA,1988,NWAmes
667,768,160000,12508,Pave,6,7,TA,1940,Mitchel
668,769,216837,9100,Pave,7,5,Gd,2004,CollgCr
669,770,538000,53504,Pave,8,5,Ex,2003,StoneBr
670,771,134900,7252,Pave,5,5,TA,1982,Sawyer
671,772,102000,8877,Pave,4,5,TA,1951,Edwards
672,773,107000,7819,Pave,6,5,TA,1976,Edwards
673,774,114500,10150,Pave,5,5,TA,1958,NAmes
674,775,395000,14226,Pave,8,5,Gd,2006,NridgHt
675,776,162000,4500,Pave,6,5,TA,1998,Mitchel
676,777,221500,11210,Pave,7,5,Gd,2005,CollgCr
677,778,142500,13350,Pave,5,5,TA,1974,Sawyer
678,779,144000,8400,Pave,5,5,TA,1977,SawyerW
679,780,135000,10530,Pave,6,5,TA,1977,Mitchel
680,781,176000,7875,Pave,7,5,TA,1995,Gilbert
681,782,175900,7153,Pave,6,5,Gd,1992,SawyerW
682,783,187100,16285,Pave,7,5,Gd,2001,CollgCr
683,784,165500,9101,Pave,5,6,Gd,1978,Mitchel
684,785,128000,6300,Pave,6,6,TA,1914,OldTown
685,786,161500,9790,Pave,6,5,TA,1967,NWAmes
686,787,139000,10800,Pave,5,6,TA,1915,OldTown
687,788,233000,10142,Pave,7,5,Gd,2004,SawyerW
688,789,107900,6000,Pave,4,7,TA,1954,OldTown
689,790,187500,12205,Pave,6,8,Gd,1966,ClearCr
690,791,160200,3182,Pave,7,5,Gd,2005,Blmngtn
691,792,146800,11333,Pave,6,5,TA,1976,Mitchel
692,793,269790,9920,Pave,7,5,TA,1996,NoRidge
693,794,225000,9158,Pave,8,5,Gd,2007,Somerst
694,795,194500,10832,Pave,7,5,Gd,1994,Gilbert
695,796,171000,8400,Pave,6,6,TA,1980,SawyerW
696,797,143500,8197,Pave,6,5,TA,1977,Sawyer
697,798,110000,7677,Pave,5,5,TA,1953,NAmes
698,799,485000,13518,Pave,9,5,Ex,2008,NridgHt
699,800,175000,7200,Pave,5,7,Gd,1937,SWISU
700,801,200000,12798,Pave,6,5,Gd,1997,ClearCr
701,802,109900,4800,Pave,4,7,TA,1916,IDOTRR
702,803,189000,8199,Pave,7,5,Gd,2005,CollgCr
703,804,582933,13891,Pave,9,5,Ex,2008,NridgHt
704,805,118000,9000,Pave,5,5,TA,1954,NAmes
705,806,227680,12274,Pave,7,5,Ex,2008,Somerst
706,807,135500,9750,Pave,5,5,TA,1967,NAmes
707,808,223500,21384,Pave,5,6,Gd,1923,BrkSide
708,809,159950,13400,Pave,5,5,TA,1966,NAmes
709,810,106000,8100,Pave,5,5,TA,1898,OldTown
710,811,181000,10140,Pave,6,6,Gd,1974,NWAmes
711,812,144500,4438,Pave,6,5,Gd,2004,CollgCr
712,813,55993,8712,Grvl,5,5,Fa,1952,IDOTRR
713,814,157900,9750,Pave,6,6,TA,1958,NAmes
714,815,116000,8248,Pave,5,7,Fa,1918,Edwards
715,816,224900,12137,Pave,7,5,Gd,1998,CollgCr
716,817,137000,11425,Pave,5,6,TA,1954,NAmes
717,818,271000,13265,Pave,8,5,Gd,2002,Mitchel
718,819,155000,8816,Pave,6,7,TA,1971,ClearCr
719,820,224000,6371,Pave,7,5,Gd,2009,NridgHt
720,821,183000,7226,Pave,7,5,Gd,2003,CollgCr
721,822,93000,6000,Pave,4,4,TA,1953,OldTown
722,823,225000,12394,Pave,7,5,Gd,2003,Gilbert
723,824,139500,9900,Pave,6,7,TA,1940,SWISU
724,825,232600,11216,Pave,8,5,Gd,2006,Somerst
725,826,385000,14803,Pave,10,5,Ex,2007,NridgHt
726,827,109500,6130,Pave,5,6,Gd,1924,BrkSide
727,828,189000,8529,Pave,7,5,Gd,2001,SawyerW
728,829,185000,28698,Pave,5,5,TA,1967,ClearCr
729,830,147400,2544,Pave,7,5,Gd,2005,Somerst
730,831,166000,11900,Pave,6,5,TA,1957,NAmes
731,832,151000,3180,Pave,7,5,Gd,2005,Somerst
732,833,237000,9548,Pave,7,6,Gd,2003,CollgCr
733,834,167000,10004,Pave,6,6,TA,1964,NAmes
734,835,139950,7875,Pave,5,6,TA,1961,NAmes
735,836,128000,9600,Pave,4,7,Gd,1950,Sawyer
736,837,153500,8100,Pave,5,6,TA,1948,OldTown
737,838,100000,1680,Pave,6,5,TA,1973,BrDale
738,839,144000,9525,Pave,5,6,Gd,1995,CollgCr
739,840,130500,11767,Pave,5,6,TA,1946,Edwards
740,841,140000,12155,Pave,6,8,Fa,1925,SWISU
741,842,157500,10440,Pave,5,8,Gd,1904,OldTown
742,843,174900,9020,Pave,6,7,TA,1966,NAmes
743,844,141000,8000,Pave,5,4,TA,1961,NAmes
744,845,153900,12665,Pave,5,8,TA,1915,OldTown
745,846,171000,16647,Pave,5,5,TA,1975,Sawyer
746,847,213000,9317,Pave,7,5,Gd,1993,SawyerW
747,848,133500,15523,Pave,5,6,TA,1972,CollgCr
748,849,240000,45600,Pave,6,8,TA,1908,ClearCr
749,850,187000,9600,Pave,6,7,TA,1976,Veenker
750,851,131500,4435,Pave,6,5,Gd,2003,CollgCr
751,852,215000,3196,Pave,8,5,Gd,2003,Blmngtn
752,853,164000,7128,Pave,7,5,TA,1941,Crawfor
753,854,158000,12095,Pave,6,6,TA,1964,NAmes
754,855,170000,17920,Pave,5,4,TA,1955,Sawyer
755,856,127000,6897,Pave,5,8,TA,1962,Sawyer
756,857,147000,10970,Pave,6,6,TA,1978,CollgCr
757,858,174000,8125,Pave,6,5,TA,1994,Gilbert
758,859,152000,10400,Pave,7,5,TA,1976,NWAmes
759,860,250000,11029,Pave,6,7,Gd,1968,NWAmes
760,861,189950,7642,Pave,7,8,Gd,1918,Crawfor
761,862,131500,11625,Pave,5,4,TA,1965,Sawyer
762,863,152000,9672,Pave,6,5,TA,1984,SawyerW
763,864,132500,7931,Pave,5,5,TA,1959,NAmes
764,865,250580,8640,Pave,7,5,Gd,2007,Somerst
765,866,148500,8750,Pave,5,6,TA,1970,NAmes
766,867,248900,10656,Pave,8,5,Gd,2006,Timber
767,868,129000,6970,Pave,4,5,Fa,1961,Sawyer
768,869,169000,14762,Pave,5,6,TA,1948,Gilbert
769,870,236000,9938,Pave,7,5,Gd,1993,SawyerW
770,871,109500,6600,Pave,5,5,TA,1962,NAmes
771,872,200500,8750,Pave,6,5,Gd,1998,CollgCr
772,873,116000,8892,Pave,5,7,Gd,1953,NAmes
773,874,133000,12144,Pave,5,7,TA,1949,NAmes
774,875,66500,5720,Pave,5,6,TA,1941,OldTown
775,876,303477,9000,Pave,8,5,Ex,2007,Somerst
776,877,132250,25286,Pave,4,5,TA,1963,Mitchel
777,878,350000,8834,Pave,9,5,Ex,2004,NridgHt
778,879,148000,11782,Pave,5,7,Gd,1961,Sawyer
779,880,136500,7000,Pave,5,8,TA,1978,CollgCr
780,881,157000,7024,Pave,5,5,TA,2005,Edwards
781,882,187500,13758,Pave,7,5,Gd,1990,Timber
782,883,178000,9636,Pave,6,5,TA,1992,Gilbert
783,884,118500,6204,Pave,4,5,TA,1912,SWISU
784,885,100000,7150,Pave,5,5,TA,1967,NAmes
785,886,328900,5119,Pave,9,5,Gd,1999,Somerst
786,887,145000,8393,Pave,5,5,TA,1959,NAmes
787,888,135500,16466,Pave,5,7,TA,1955,Edwards
788,889,268000,15865,Pave,8,6,Gd,1970,NAmes
789,890,149500,12160,Pave,6,4,TA,1953,NAmes
790,891,122900,8064,Pave,5,7,TA,1949,NAmes
791,892,172500,11184,Pave,6,5,TA,1978,Sawyer
792,893,154500,8414,Pave,6,8,TA,1963,Sawyer
793,894,165000,13284,Pave,5,5,TA,1954,Sawyer
794,895,118858,7018,Pave,5,5,TA,1979,SawyerW
795,896,140000,7056,Pave,6,5,TA,1963,NAmes
796,897,106500,8765,Pave,4,6,TA,1936,IDOTRR
797,898,142953,7018,Pave,5,5,TA,1979,SawyerW
798,899,611657,12919,Pave,9,5,Ex,2009,NridgHt
799,900,135000,6993,Pave,5,7,TA,1961,Sawyer
800,901,110000,7340,Pave,4,6,TA,1971,NAmes
801,902,153000,8712,Pave,5,7,TA,1957,NAmes
802,903,180000,7875,Pave,7,5,Gd,2003,Gilbert
803,904,240000,14859,Pave,7,5,Gd,2006,Gilbert
804,905,125500,6173,Pave,5,6,TA,1967,Sawyer
805,906,128000,9920,Pave,5,5,TA,1954,NAmes
806,907,255000,13501,Pave,8,5,Gd,2006,Somerst
807,908,250000,11500,Pave,7,7,Gd,1936,Crawfor
808,909,131000,8885,Pave,5,5,TA,1983,Mitchel
809,910,174000,12589,Pave,6,5,Gd,2005,Gilbert
810,911,154300,11600,Pave,5,5,TA,1960,NAmes
811,912,143500,9286,Pave,5,7,Gd,1977,CollgCr
812,913,88000,6120,Pave,5,7,TA,1925,BrkSide
813,914,145000,6270,Pave,5,6,TA,1949,Crawfor
814,915,173733,3000,Pave,6,5,Gd,2009,Somerst
815,916,75000,2001,Pave,4,5,TA,1970,MeadowV
816,917,35311,9000,Pave,2,3,TA,1949,IDOTRR
817,918,135000,17140,Pave,4,6,TA,1956,Edwards
818,919,238000,13125,Pave,7,5,Gd,1991,SawyerW
819,920,176500,11029,Pave,6,8,TA,1958,NAmes
820,921,201000,8462,Pave,6,5,Gd,1994,SawyerW
821,922,145900,8777,Pave,5,7,TA,1900,Edwards
822,923,169990,10237,Pave,6,5,Gd,2005,Gilbert
823,924,193000,8012,Pave,6,5,Gd,1993,SawyerW
824,925,207500,10240,Pave,6,6,TA,1980,NWAmes
825,926,175000,15611,Pave,5,6,Ex,1977,NWAmes
826,927,285000,11999,Pave,8,5,Ex,2003,NridgHt
827,928,176000,9900,Pave,7,5,TA,1968,NWAmes
828,929,236500,11838,Pave,8,5,Ex,2001,CollgCr
829,930,222000,13006,Pave,7,5,Gd,1997,Gilbert
830,931,201000,8925,Pave,8,5,Gd,2007,Timber
831,932,117500,9100,Pave,5,6,TA,1965,NAmes
832,933,320000,11670,Pave,9,5,Ex,2006,Somerst
833,934,190000,8487,Pave,7,5,Gd,2004,CollgCr
834,935,242000,27650,Pave,7,7,Gd,1960,NAmes
835,936,79900,5825,Pave,4,5,TA,1926,BrkSide
836,937,184900,10083,Pave,7,5,Gd,2003,SawyerW
837,938,253000,9675,Pave,7,5,Gd,2005,Somerst
838,939,239799,8760,Pave,7,5,Gd,2006,CollgCr
839,940,244400,24090,Pave,7,7,TA,1940,ClearCr
840,941,150900,12640,Pave,6,5,TA,1976,Mitchel
841,942,214000,8755,Pave,7,5,Gd,1999,Gilbert
842,943,150000,7711,Pave,4,3,TA,1977,Edwards
843,944,143000,25000,Pave,5,4,TA,1967,Mitchel
844,945,137500,14375,Pave,6,6,Gd,1958,Timber
845,946,124900,8820,Pave,5,6,TA,1890,OldTown
846,947,143000,8163,Pave,5,6,TA,1959,NAmes
847,948,270000,14536,Pave,8,5,Gd,2002,Timber
848,949,192500,14006,Pave,7,5,Gd,2002,CollgCr
849,950,197500,9360,Pave,6,7,Gd,1972,NWAmes
850,951,129000,7200,Pave,5,8,Gd,1950,NAmes
851,952,119900,7800,Pave,5,5,TA,1965,SawyerW
852,953,133900,7200,Pave,5,8,TA,1972,CollgCr
853,954,172000,11075,Pave,5,4,TA,1969,Mitchel
854,955,127500,9400,Pave,6,5,TA,1975,Edwards
855,956,145000,7136,Pave,6,6,TA,1946,Crawfor
856,957,124000,1300,Pave,6,6,TA,1980,Blueste
857,958,132000,7420,Pave,5,5,TA,1962,Sawyer
858,959,185000,8450,Pave,7,5,Gd,2003,CollgCr
859,960,155000,2572,Pave,7,5,Gd,1999,Somerst
860,961,116500,7207,Pave,5,7,TA,1958,BrkSide
861,962,272000,12227,Pave,6,7,TA,1977,NWAmes
862,963,155000,2308,Pave,6,6,Gd,1976,NPkVill
863,964,239000,11923,Pave,9,5,Ex,2007,CollgCr
864,965,214900,11316,Pave,7,5,Gd,2002,Timber
865,966,178900,10237,Pave,6,5,Gd,2005,Gilbert
866,967,160000,9600,Pave,5,7,TA,1940,Crawfor
867,968,135000,7390,Pave,5,7,TA,1955,NAmes
868,969,37900,5925,Pave,3,6,TA,1910,OldTown
869,970,140000,10382,Pave,6,5,TA,1958,NAmes
870,971,135000,10800,Pave,4,4,TA,1949,NAmes
871,972,173000,2268,Pave,7,5,Gd,2003,NridgHt
872,973,99500,7892,Pave,6,5,TA,1979,SawyerW
873,974,182000,11639,Pave,7,5,Gd,2007,Somerst
874,975,167500,11414,Pave,7,8,Gd,1910,BrkSide
875,976,165000,2651,Pave,7,5,Gd,2000,Somerst
876,977,85500,5900,Pave,4,7,Fa,1923,BrkSide
877,978,199900,4274,Pave,7,5,Gd,2006,Somerst
878,979,110000,9450,Pave,4,5,TA,1954,Edwards
879,980,139000,8816,Pave,5,6,TA,1963,Sawyer
880,981,178400,12122,Pave,7,9,Ex,1961,NAmes
881,982,336000,12203,Pave,8,5,Gd,1998,NoRidge
882,983,159895,3182,Pave,7,5,Gd,2007,Blmngtn
883,984,255900,11250,Pave,8,5,Gd,2002,CollgCr
884,985,126000,10125,Pave,5,5,Gd,1977,Mitchel
885,986,125000,10880,Pave,5,5,TA,1950,Edwards
886,987,117000,5310,Pave,6,8,Gd,1910,OldTown
887,988,395192,10159,Pave,9,5,Ex,2009,NridgHt
888,989,195000,12046,Pave,6,6,Gd,1976,NWAmes
889,990,197000,8125,Pave,7,5,Gd,2006,Somerst
890,991,348000,9452,Pave,8,5,Gd,1997,NoRidge
891,992,168000,17671,Pave,8,9,Gd,1882,OldTown
892,993,187000,9760,Pave,6,8,Gd,1964,NAmes
893,994,173900,8846,Pave,6,5,Gd,2005,CollgCr
894,995,337500,12456,Pave,10,5,Ex,2006,NridgHt
895,996,121600,4712,Pave,4,7,TA,1946,BrkSide
896,997,136500,10659,Pave,5,6,TA,1961,NAmes
897,998,185000,11717,Pave,6,6,TA,1970,NWAmes
898,999,91000,9786,Pave,3,4,TA,1922,IDOTRR
899,1000,206000,6762,Pave,7,5,Gd,2006,CollgCr
900,1001,82000,10206,Pave,3,3,Fa,1952,Edwards
901,1002,86000,5400,Pave,5,6,Ex,1920,OldTown
902,1003,232000,11957,Pave,8,5,Gd,2006,Somerst
903,1004,136905,11500,Pave,5,6,TA,1976,NWAmes
904,1005,181000,3182,Pave,7,5,Gd,2005,Blmngtn
905,1006,149900,8385,Pave,5,8,TA,1977,CollgCr
906,1007,163500,12155,Pave,6,3,TA,1970,NAmes
907,1008,88000,2217,Pave,4,4,TA,1970,MeadowV
908,1009,240000,12118,Pave,7,5,Gd,2004,Mitchel
909,1010,102000,6000,Pave,5,5,TA,1926,SWISU
910,1011,135000,21286,Pave,5,5,TA,1948,Sawyer
911,1012,100000,9825,Pave,5,5,TA,1965,Edwards
912,1013,165000,10592,Pave,6,7,Gd,1923,Crawfor
913,1014,85000,7200,Pave,5,4,TA,1910,OldTown
914,1015,119200,11664,Pave,6,5,TA,1948,NAmes
915,1016,227000,8400,Pave,8,6,Gd,2001,NWAmes
916,1017,203000,11883,Pave,7,5,Gd,1996,CollgCr
917,1018,187500,5814,Pave,8,5,Gd,1984,StoneBr
918,1019,160000,10784,Pave,7,5,Gd,1991,Gilbert
919,1020,213490,3013,Pave,7,5,Gd,2005,Blmngtn
920,1021,176000,7024,Pave,4,5,Gd,2005,Edwards
921,1022,194000,7406,Pave,7,5,Gd,2006,CollgCr
922,1023,87000,9439,Pave,5,5,TA,1930,OldTown
923,1024,191000,3182,Pave,7,5,Gd,2005,Blmngtn
924,1025,287000,15498,Pave,8,6,Gd,1976,Timber
925,1026,112500,7700,Pave,5,5,TA,1972,CollgCr
926,1027,167500,9300,Pave,5,5,TA,1960,NAmes
927,1028,293077,9520,Pave,8,5,Gd,2007,Timber
928,1029,105000,9492,Pave,5,5,TA,1941,NAmes
929,1030,118000,1680,Pave,6,7,TA,1972,BrDale
930,1031,160000,7082,Pave,5,8,TA,1916,SWISU
931,1032,197000,15863,Pave,7,3,TA,1920,SWISU
932,1033,310000,14541,Pave,8,7,Gd,1993,NoRidge
933,1034,230000,8125,Pave,7,5,Gd,2002,CollgCr
934,1035,119750,6305,Pave,5,7,Fa,1938,Crawfor
935,1036,84000,11500,Pave,4,3,TA,1957,Edwards
936,1037,315500,12898,Pave,9,5,Ex,2007,Timber
937,1038,287000,9240,Pave,8,5,Gd,2001,CollgCr
938,1039,97000,1533,Pave,4,6,TA,1970,MeadowV
939,1040,80000,1477,Pave,4,4,TA,1970,MeadowV
940,1041,155000,13125,Pave,5,4,TA,1957,Sawyer
941,1042,173000,9130,Pave,6,8,Gd,1966,NWAmes
942,1043,196000,5381,Pave,6,5,Gd,2005,NridgHt
943,1044,262280,11839,Pave,7,5,Gd,1990,SawyerW
944,1045,278000,9600,Pave,8,5,Gd,1981,NWAmes
945,1046,139600,13680,Pave,3,5,TA,1955,Edwards
946,1047,556581,16056,Pave,9,5,Ex,2005,StoneBr
947,1048,145000,9245,Pave,5,5,TA,1994,CollgCr
948,1049,115000,21750,Pave,5,4,TA,1960,Mitchel
949,1050,84900,11100,Pave,4,7,Gd,1946,Edwards
950,1051,176485,8993,Pave,7,5,Gd,2007,Gilbert
951,1052,200141,11175,Pave,7,5,Gd,2007,CollgCr
952,1053,165000,9500,Pave,6,6,TA,1964,NAmes
953,1054,144500,8562,Pave,5,6,TA,1957,Edwards
954,1055,255000,11367,Pave,8,5,Gd,2002,CollgCr
955,1056,180000,11361,Pave,6,5,TA,1976,NWAmes
956,1057,185850,7052,Pave,7,5,Gd,2005,NridgHt
957,1058,248000,29959,Pave,7,6,Gd,1994,NoRidge
958,1059,335000,11308,Pave,9,5,Ex,2008,NridgHt
959,1060,220000,11275,Pave,6,7,TA,1932,Crawfor
960,1061,213500,4920,Pave,8,5,Gd,2001,StoneBr
961,1062,81000,18000,Grvl,3,4,TA,1935,IDOTRR
962,1063,90000,13600,Pave,5,5,TA,1900,OldTown
963,1064,110500,6000,Pave,6,6,Gd,1925,OldTown
964,1065,154000,11000,Pave,5,6,TA,1966,NAmes
965,1066,328000,14000,Pave,7,5,Gd,1996,ClearCr
966,1067,178000,7837,Pave,6,7,TA,1993,Gilbert
967,1068,167900,9760,Pave,6,6,TA,1964,NAmes
968,1069,151400,3964,Pave,6,4,TA,1973,MeadowV
969,1070,135000,9600,Pave,5,7,Gd,1949,NAmes
970,1071,135000,10152,Pave,5,5,TA,1956,NAmes
971,1072,154000,11700,Pave,6,6,TA,1968,NWAmes
972,1073,91500,7585,Pave,5,3,TA,1948,Edwards
973,1074,159500,7950,Pave,6,6,TA,1977,Edwards
974,1075,194000,8556,Pave,7,5,Gd,2006,CollgCr
975,1076,219500,13125,Pave,7,6,TA,1940,Crawfor
976,1077,170000,10800,Pave,5,8,Gd,1936,OldTown
977,1078,138800,15870,Pave,5,5,TA,1969,NAmes
978,1079,155900,4435,Pave,6,5,Gd,2004,CollgCr
979,1080,126000,8775,Pave,5,5,TA,1994,CollgCr
980,1081,145000,11040,Pave,6,7,Gd,1971,NWAmes
981,1082,133000,7500,Pave,5,5,TA,1963,Sawyer
982,1083,192000,8749,Pave,7,5,Gd,2002,CollgCr
983,1084,160000,8800,Pave,6,6,TA,1964,NAmes
984,1085,187500,13031,Pave,6,5,TA,1995,Gilbert
985,1086,147000,9069,Pave,6,6,Gd,1992,SawyerW
986,1087,83500,1974,Pave,4,5,TA,1973,MeadowV
987,1088,252000,10574,Pave,8,5,Gd,2005,Somerst
988,1089,137500,2522,Pave,7,5,Gd,2004,Edwards
989,1090,197000,3316,Pave,8,5,Gd,2005,Somerst
990,1091,92900,8544,Pave,3,4,TA,1950,NAmes
991,1092,160000,2160,Pave,7,5,Gd,1999,Somerst
992,1093,136500,8400,Pave,6,5,TA,1925,SWISU
993,1094,146000,9230,Pave,5,8,Gd,1965,NAmes
994,1095,129000,5868,Pave,5,7,TA,1956,NAmes
995,1096,176432,9317,Pave,6,5,Gd,2006,CollgCr
996,1097,127000,6882,Pave,6,7,Gd,1914,IDOTRR
997,1098,170000,3696,Pave,8,5,Gd,1986,StoneBr
998,1099,128000,6000,Pave,4,6,TA,1936,BrkSide
999,1100,157000,11880,Pave,7,5,TA,1978,NWAmes
1000,1101,60000,8400,Pave,2,5,Fa,1920,SWISU
1001,1102,119500,9758,Pave,5,5,TA,1971,NAmes
1002,1103,135000,7000,Pave,5,7,TA,1960,NAmes
1003,1104,159500,8910,Pave,6,6,TA,1959,NAmes
1004,1105,106000,2016,Pave,5,5,TA,1970,BrDale
1005,1106,325000,12256,Pave,8,5,Gd,1994,NoRidge
1006,1107,179900,10357,Pave,7,5,Gd,1990,SawyerW
1007,1108,274725,23257,Pave,7,5,Gd,2006,Gilbert
1008,1109,181000,8063,Pave,6,5,TA,2000,Gilbert
1009,1110,280000,11362,Pave,8,5,Gd,2004,NridgHt
1010,1111,188000,8000,Pave,6,5,TA,1995,Gilbert
1011,1112,205000,10480,Pave,7,6,TA,1976,NWAmes
1012,1113,129900,7100,Pave,5,7,TA,1957,NAmes
1013,1114,134500,8923,Pave,5,7,Gd,1953,NAmes
1014,1115,117000,5400,Pave,5,7,Gd,1954,OldTown
1015,1116,318000,12085,Pave,8,5,Ex,2007,NridgHt
1016,1117,184100,7750,Pave,8,5,Gd,2002,Gilbert
1017,1118,130000,9764,Pave,5,7,Gd,1967,Sawyer
1018,1119,140000,13825,Pave,5,6,TA,1958,Sawyer
1019,1120,133700,7560,Pave,5,5,TA,1959,NAmes
1020,1121,118400,8263,Pave,6,5,TA,1920,IDOTRR
1021,1122,212900,10084,Pave,7,5,Gd,2005,CollgCr
1022,1123,112000,8926,Pave,4,3,TA,1956,Edwards
1023,1124,118000,9405,Pave,5,9,TA,1947,Edwards
1024,1125,163900,9125,Pave,7,5,Gd,1992,Gilbert
1025,1126,115000,10434,Pave,4,5,Fa,1955,NAmes
1026,1127,174000,3684,Pave,7,5,Gd,2007,Blmngtn
1027,1128,259000,14572,Pave,7,5,Gd,2004,Gilbert
1028,1129,215000,11796,Pave,7,5,Gd,2004,Gilbert
1029,1130,140000,7200,Pave,5,5,TA,1980,OldTown
1030,1131,135000,7804,Pave,4,3,Gd,1928,SWISU
1031,1132,93500,10712,Pave,5,5,TA,1991,Mitchel
1032,1133,117500,9900,Pave,6,4,Fa,1880,OldTown
1033,1134,239500,9828,Pave,8,5,Gd,1995,SawyerW
1034,1135,169000,8773,Pave,6,5,TA,1997,Gilbert
1035,1136,102000,6180,Pave,6,5,TA,1926,BrkSide
1036,1137,119000,9600,Pave,6,5,TA,1950,NAmes
1037,1138,94000,6342,Pave,5,8,TA,1875,Sawyer
1038,1139,196000,9819,Pave,6,5,Gd,1977,Mitchel
1039,1140,144000,8731,Pave,5,5,TA,1920,BrkSide
1040,1141,139000,7350,Pave,5,7,TA,1951,NAmes
1041,1142,197500,10304,Pave,5,7,Gd,1976,NWAmes
1042,1143,424870,9965,Pave,8,5,Gd,2006,CollgCr
1043,1144,80000,9000,Pave,5,3,TA,1959,Sawyer
1044,1145,80000,12180,Pave,4,4,Fa,1941,Edwards
1045,1146,149000,6240,Pave,5,6,TA,1928,BrkSide
1046,1147,180000,11200,Pave,6,5,Gd,1985,SawyerW
1047,1148,174500,12000,Pave,7,7,Fa,1941,Crawfor
1048,1149,116900,5700,Pave,7,7,TA,1926,OldTown
1049,1150,143000,9000,Pave,7,9,TA,1920,OldTown
1050,1151,124000,8280,Pave,6,5,Gd,1950,NAmes
1051,1152,149900,17755,Pave,5,4,Fa,1959,Edwards
1052,1153,230000,14115,Pave,6,7,Ex,1956,Crawfor
1053,1154,120500,5890,Pave,6,8,TA,1930,IDOTRR
1054,1155,201800,13700,Pave,7,6,Gd,1965,NAmes
1055,1156,218000,10768,Pave,5,8,Gd,1976,Veenker
1056,1157,179900,9350,Pave,5,8,Gd,1965,NAmes
1057,1158,230000,5001,Pave,7,5,Gd,2007,NridgHt
1058,1159,235128,11932,Pave,8,5,Gd,2007,Somerst
1059,1160,185000,9120,Pave,6,6,Gd,1974,NWAmes
1060,1161,146000,2280,Pave,6,5,TA,1978,NPkVill
1061,1162,224000,14778,Pave,6,7,Gd,1954,Crawfor
1062,1163,129000,8724,Pave,5,5,TA,1968,Sawyer
1063,1164,108959,12900,Pave,4,4,TA,1969,Sawyer
1064,1165,194000,16157,Pave,5,7,Gd,1978,Veenker
1065,1166,233170,9541,Pave,7,5,Gd,2009,NridgHt
1066,1167,245350,10475,Pave,8,5,Gd,2008,CollgCr
1067,1168,173000,10852,Pave,6,5,TA,2000,Gilbert
1068,1169,235000,13728,Pave,6,7,Gd,1935,Edwards
1069,1170,625000,35760,Pave,10,5,Gd,1995,NoRidge
1070,1171,171000,9880,Pave,6,6,TA,1977,Mitchel
1071,1172,163000,9120,Pave,6,6,TA,1958,NAmes
1072,1173,171900,4017,Pave,7,5,Gd,2006,Somerst
1073,1174,200500,18030,Pave,5,6,Ex,1946,ClearCr
1074,1175,239000,16560,Pave,6,8,TA,1932,Crawfor
1075,1176,285000,10678,Pave,8,5,Gd,1992,NoRidge
1076,1177,119500,6951,Pave,5,5,TA,1984,Mitchel
1077,1178,115000,3950,Pave,6,8,TA,1926,OldTown
1078,1179,154900,7681,Pave,5,6,TA,1921,Crawfor
1079,1180,93000,8335,Pave,5,5,TA,1954,Edwards
1080,1181,250000,11170,Pave,7,5,TA,1990,Timber
1081,1182,392500,5587,Pave,8,5,Gd,2008,Crawfor
1082,1183,745000,15623,Pave,10,5,Ex,1996,NoRidge
1083,1184,120000,10800,Pave,5,6,TA,1920,OldTown
1084,1185,186700,35133,Grvl,5,4,TA,1963,Timber
1085,1186,104900,9738,Pave,5,7,TA,1924,Edwards
1086,1187,95000,10615,Pave,3,5,TA,1900,OldTown
1087,1188,262000,12461,Pave,8,5,Gd,1994,NoRidge
1088,1189,195000,8935,Pave,7,5,Gd,2002,CollgCr
1089,1190,189000,7500,Pave,7,5,Gd,1999,Gilbert
1090,1191,168000,32463,Pave,4,4,TA,1961,Mitchel
1091,1192,174000,2645,Pave,8,5,Gd,1999,Somerst
1092,1193,125000,9600,Pave,5,8,Gd,1925,OldTown
1093,1194,165000,4500,Pave,6,5,TA,1999,Mitchel
1094,1195,158000,9364,Pave,6,7,TA,1969,Sawyer
1095,1196,176000,8029,Pave,6,5,Gd,2005,Gilbert
1096,1197,219210,14054,Pave,7,5,Gd,2006,Gilbert
1097,1198,144000,8850,Pave,7,6,TA,1916,OldTown
1098,1199,178000,9100,Pave,7,5,Gd,2001,CollgCr
1099,1200,148000,11235,Pave,4,5,TA,1963,Sawyer
1100,1201,116050,9353,Pave,4,5,TA,1970,NAmes
1101,1202,197900,10400,Pave,7,5,Gd,1998,CollgCr
1102,1203,117000,6000,Pave,5,8,TA,1925,BrkSide
1103,1204,213000,9750,Pave,7,5,Gd,2000,CollgCr
1104,1205,153500,10140,Pave,5,6,TA,1975,NWAmes
1105,1206,271900,14684,Pave,7,7,Gd,1990,SawyerW
1106,1207,107000,8900,Pave,4,4,TA,1966,SawyerW
1107,1208,200000,9135,Pave,6,5,Gd,2003,CollgCr
1108,1209,140000,7763,Pave,5,7,TA,1962,NAmes
1109,1210,290000,10182,Pave,8,5,Gd,2006,Somerst
1110,1211,189000,11218,Pave,6,5,Gd,1992,SawyerW
1111,1212,164000,12134,Pave,8,7,TA,1988,Gilbert
1112,1213,113000,9340,Pave,4,6,TA,1941,Edwards
1113,1214,145000,10246,Pave,4,9,TA,1965,Sawyer
1114,1215,134500,10205,Pave,5,5,TA,1962,NAmes
1115,1216,125000,7094,Pave,5,5,TA,1966,Sawyer
1116,1217,112000,8930,Pave,6,5,TA,1978,Sawyer
1117,1218,229456,8640,Pave,8,5,Gd,2009,Somerst
1118,1219,80500,6240,Pave,4,5,TA,1947,BrkSide
1119,1220,91500,1680,Pave,6,5,TA,1971,BrDale
1120,1221,115000,7800,Pave,5,5,TA,1964,NAmes
1121,1222,134000,8250,Pave,5,5,TA,1968,Sawyer
1122,1223,143000,10496,Pave,6,6,TA,1949,NAmes
1123,1224,137900,10680,Pave,5,3,TA,1951,NAmes
1124,1225,184000,15384,Pave,7,5,Gd,2004,Gilbert
1125,1226,145000,10482,Pave,6,8,TA,1958,NAmes
1126,1227,214000,14598,Pave,6,5,Gd,2007,Somerst
1127,1228,147000,8872,Pave,5,8,Gd,1965,NAmes
1128,1229,367294,8769,Pave,9,5,Ex,2008,NridgHt
1129,1230,127000,7910,Pave,5,5,TA,1960,NAmes
1130,1231,190000,18890,Pave,5,5,TA,1977,Sawyer
1131,1232,132500,7728,Pave,5,6,TA,1962,NAmes
1132,1233,101800,9842,Pave,4,5,TA,1962,NAmes
1133,1234,142000,12160,Pave,5,5,TA,1959,NAmes
1134,1235,130000,8525,Pave,5,6,TA,1911,SWISU
1135,1236,138887,13132,Pave,5,5,TA,1914,Crawfor
1136,1237,175500,2628,Pave,7,5,Gd,2003,NridgHt
1137,1238,195000,12393,Pave,7,5,Gd,2004,CollgCr
1138,1239,142500,13072,Pave,6,5,TA,2005,SawyerW
1139,1240,265900,9037,Pave,8,5,Ex,2006,Timber
1140,1241,224900,8158,Pave,7,5,Gd,2003,CollgCr
1141,1242,248328,9849,Pave,7,6,Gd,2007,Somerst
1142,1243,170000,10625,Pave,7,6,Gd,1974,NWAmes
1143,1244,465000,13891,Pave,10,5,Ex,2006,NridgHt
1144,1245,230000,11435,Pave,8,7,Gd,1929,Crawfor
1145,1246,178000,12090,Pave,6,7,TA,1984,NWAmes
1146,1247,186500,8125,Pave,7,5,Gd,2005,Somerst
1147,1248,169900,12328,Pave,6,5,TA,1976,Mitchel
1148,1249,129500,9600,Pave,6,5,TA,1917,OldTown
1149,1250,119000,7200,Pave,5,7,TA,1950,NAmes
1150,1251,244000,11160,Pave,7,5,Ex,1968,NAmes
1151,1252,171750,3136,Pave,7,5,Gd,2003,NridgHt
1152,1253,130000,9858,Pave,5,6,TA,1968,Mitchel
1153,1254,294000,17542,Pave,7,7,Gd,1974,Veenker
1154,1255,165400,6931,Pave,7,5,Gd,2003,Edwards
1155,1256,127500,6240,Pave,6,6,TA,1931,BrkSide
1156,1257,301500,14303,Pave,8,5,Gd,1994,NoRidge
1157,1258,99900,4060,Pave,5,8,TA,1922,Edwards
1158,1259,190000,9587,Pave,7,5,Gd,2005,Gilbert
1159,1260,151000,9750,Pave,6,8,TA,1969,NAmes
1160,1261,181000,24682,Pave,6,5,TA,1999,Gilbert
1161,1262,128900,9600,Pave,5,6,TA,1956,NAmes
1162,1263,161500,11250,Pave,4,5,TA,1957,ClearCr
1163,1264,180500,13515,Pave,6,6,TA,1919,BrkSide
1164,1265,181000,4060,Pave,6,5,Gd,1998,NAmes
1165,1266,183900,3735,Pave,7,5,Gd,1999,Somerst
1166,1267,122000,10120,Pave,7,4,TA,1910,OldTown
1167,1268,378500,13214,Pave,9,5,Ex,2008,Timber
1168,1269,381000,14100,Pave,8,9,Gd,1935,Crawfor
1169,1270,144000,11344,Pave,5,5,TA,1958,NAmes
1170,1271,260000,23595,Pave,7,6,Gd,1979,ClearCr
1171,1272,185750,9156,Pave,6,7,Gd,1968,NWAmes
1172,1273,137000,13526,Pave,5,6,TA,1965,Sawyer
1173,1274,177000,11512,Pave,6,7,Ex,1959,Edwards
1174,1275,139000,5362,Pave,5,6,TA,1910,Crawfor
1175,1276,137000,11345,Pave,5,5,TA,1948,NAmes
1176,1277,162000,12936,Pave,6,6,TA,1972,NWAmes
1177,1278,197900,17871,Pave,6,5,TA,1967,NWAmes
1178,1279,237000,9473,Pave,8,5,Gd,2002,CollgCr
1179,1280,68400,7500,Pave,4,4,TA,1920,IDOTRR
1180,1281,227000,9808,Pave,7,5,Gd,2002,CollgCr
1181,1282,180000,8049,Pave,7,5,TA,1990,Timber
1182,1283,150500,8800,Pave,5,7,Gd,1977,CollgCr
1183,1284,139000,9400,Pave,6,5,TA,1971,Mitchel
1184,1285,169000,9638,Pave,6,7,Gd,1919,SWISU
1185,1286,132500,6000,Pave,6,6,TA,1939,BrkSide
1186,1287,143000,9790,Pave,6,5,TA,1963,NWAmes
1187,1288,190000,36500,Pave,5,5,TA,1964,ClearCr
1188,1289,278000,5664,Pave,8,5,Ex,2000,StoneBr
1189,1290,281000,11065,Pave,8,5,Ex,2006,NridgHt
1190,1291,180500,14112,Pave,5,7,TA,1964,NAmes
1191,1292,119500,1680,Pave,5,7,TA,1972,BrDale
1192,1293,107500,6600,Pave,5,4,TA,1892,OldTown
1193,1294,162900,10140,Pave,7,5,TA,1976,NWAmes
1194,1295,115000,8172,Pave,5,7,TA,1955,Edwards
1195,1296,138500,8400,Pave,5,5,TA,1968,NAmes
1196,1297,155000,8700,Pave,5,6,TA,1963,NAmes
1197,1298,140000,3675,Pave,6,5,TA,2005,Edwards
1198,1299,160000,63887,Pave,10,5,Ex,2008,Edwards
1199,1300,154000,7500,Pave,5,7,Gd,1959,NAmes
1200,1301,225000,10762,Pave,7,5,Gd,1999,Gilbert
1201,1302,177500,7500,Pave,6,7,Gd,1942,Crawfor
1202,1303,290000,10120,Pave,8,5,Gd,1994,NoRidge
1203,1304,232000,8688,Pave,7,5,Gd,2005,Somerst
1204,1305,130000,3363,Pave,7,5,Gd,2004,Edwards
1205,1306,325000,13173,Pave,9,5,Ex,2006,NridgHt
1206,1307,202500,6955,Pave,7,5,Gd,2005,NridgHt
1207,1308,138000,8072,Pave,5,5,TA,1994,CollgCr
1208,1309,147000,12000,Pave,5,7,Gd,1948,OldTown
1209,1310,179200,7153,Pave,6,5,Gd,1991,SawyerW
1210,1311,335000,17500,Pave,7,8,Ex,1959,Crawfor
1211,1312,203000,8814,Pave,7,5,Gd,2005,CollgCr
1212,1313,302000,9572,Pave,8,5,Gd,1990,NoRidge
1213,1314,333168,14774,Pave,9,5,Gd,1999,NoRidge
1214,1315,119000,8190,Pave,4,6,TA,1954,Edwards
1215,1316,206900,11075,Pave,6,5,TA,1969,NAmes
1216,1317,295493,10226,Pave,8,5,Ex,2008,CollgCr
1217,1318,208900,4230,Pave,7,5,Gd,2006,Somerst
1218,1319,275000,14781,Pave,8,5,Gd,2001,CollgCr
1219,1320,111000,10215,Pave,4,5,TA,1954,Edwards
1220,1321,156500,8400,Pave,6,3,TA,1957,NAmes
1221,1322,72500,6627,Pave,3,6,TA,1949,BrkSide
1222,1323,190000,10186,Pave,7,5,Gd,1992,NoRidge
1223,1324,82500,5330,Pave,4,7,Fa,1940,BrkSide
1224,1325,147000,9986,Pave,8,5,Gd,2006,Somerst
1225,1326,55000,3636,Pave,4,4,TA,1922,IDOTRR
1226,1327,79000,4270,Pave,3,6,Gd,1931,Edwards
1227,1328,130500,6600,Pave,5,9,Gd,1982,Mitchel
1228,1329,256000,10440,Pave,6,7,TA,1920,OldTown
1229,1330,176500,9084,Pave,7,5,TA,1998,Gilbert
1230,1331,227000,10000,Pave,8,5,Gd,2006,Somerst
1231,1332,132500,10780,Pave,5,5,TA,1976,CollgCr
1232,1333,100000,8877,Pave,4,6,TA,1938,Edwards
1233,1334,125500,7200,Pave,5,6,Gd,1938,IDOTRR
1234,1335,125000,2368,Pave,5,6,TA,1970,BrDale
1235,1336,167900,9650,Pave,6,5,TA,1977,NWAmes
1236,1337,135000,9246,Pave,5,5,TA,1973,NWAmes
1237,1338,52500,4118,Pave,4,4,Fa,1941,OldTown
1238,1339,200000,13450,Pave,7,5,Gd,2002,CollgCr
1239,1340,128500,9560,Pave,5,7,TA,1972,CollgCr
1240,1341,123000,8294,Pave,4,5,TA,1971,NAmes
1241,1342,155000,13695,Pave,6,5,Gd,2003,SawyerW
1242,1343,228500,9375,Pave,8,5,Gd,2002,CollgCr
1243,1344,177000,7558,Pave,6,6,TA,1928,Crawfor
1244,1345,155835,11103,Pave,7,5,Gd,2006,CollgCr
1245,1346,108500,6000,Pave,4,4,Fa,1920,OldTown
1246,1347,262500,20781,Pave,7,7,TA,1968,NWAmes
1247,1348,283463,15306,Pave,8,5,Gd,2006,Timber
1248,1349,215000,16196,Pave,7,5,Gd,1998,SawyerW
1249,1350,122000,5250,Pave,8,5,TA,1872,OldTown
1250,1351,200000,11643,Pave,5,5,TA,1969,NAmes
1251,1352,171000,9247,Pave,6,6,TA,1962,NAmes
1252,1353,134900,6000,Pave,6,9,TA,1937,BrkSide
1253,1354,410000,14720,Pave,8,5,Gd,1995,NoRidge
1254,1355,235000,10316,Pave,7,5,Gd,2000,CollgCr
1255,1356,170000,10192,Pave,7,6,Gd,1968,NWAmes
1256,1357,110000,9477,Pave,5,5,TA,1966,NAmes
1257,1358,149900,12537,Pave,5,6,TA,1971,NAmes
1258,1359,177500,2117,Pave,6,5,Gd,2000,Somerst
1259,1360,315000,16737,Pave,9,5,Ex,2004,NridgHt
1260,1361,189000,9842,Pave,5,6,TA,1921,SWISU
1261,1362,260000,16158,Pave,7,5,Gd,2005,StoneBr
1262,1363,104900,12513,Pave,4,4,TA,1920,NAmes
1263,1364,156932,8499,Pave,6,5,Gd,2006,Gilbert
1264,1365,144152,3180,Pave,7,5,Gd,2005,Somerst
1265,1366,216000,7500,Pave,7,5,Gd,2000,Somerst
1266,1367,193000,9179,Pave,7,5,Gd,1999,CollgCr
1267,1368,127000,2665,Pave,5,6,TA,1977,MeadowV
1268,1369,144000,4435,Pave,6,5,Gd,2003,CollgCr
1269,1370,232000,10635,Pave,8,5,Gd,2003,CollgCr
1270,1371,105000,5400,Pave,4,6,TA,1920,OldTown
1271,1372,165500,9600,Pave,6,6,Gd,1955,NAmes
1272,1373,274300,9750,Pave,7,6,Gd,1998,CollgCr
1273,1374,466500,11400,Pave,10,5,Ex,2001,NoRidge
1274,1375,250000,10625,Pave,7,5,Gd,2005,Somerst
1275,1376,239000,10991,Pave,8,5,Gd,2007,Timber
1276,1377,91000,6292,Pave,6,5,TA,1930,SWISU
1277,1378,117000,10998,Pave,5,5,TA,1941,Edwards
1278,1379,83000,1953,Pave,6,5,TA,1973,BrDale
1279,1380,167500,9735,Pave,5,5,Gd,2006,Timber
1280,1381,58500,8212,Pave,3,3,TA,1914,Edwards
1281,1382,237500,12925,Pave,6,7,TA,1970,NAmes
1282,1383,157000,7200,Pave,7,7,Gd,1920,OldTown
1283,1384,112000,25339,Pave,5,7,Gd,1918,Sawyer
1284,1385,105000,9060,Pave,6,5,TA,1939,Edwards
1285,1386,125500,5436,Pave,4,8,Gd,1922,IDOTRR
1286,1387,250000,16692,Pave,7,5,Gd,1978,NWAmes
1287,1388,136000,8520,Pave,6,7,Gd,1916,OldTown
1288,1389,377500,14892,Pave,9,5,Ex,2006,Gilbert
1289,1390,131000,6000,Pave,6,6,TA,1941,BrkSide
1290,1391,235000,9100,Pave,7,5,Gd,2000,CollgCr
1291,1392,124000,8944,Pave,5,5,TA,1967,NAmes
1292,1393,123000,7838,Pave,5,5,TA,1967,NAmes
1293,1394,163000,10800,Pave,6,7,TA,1905,OldTown
1294,1395,246578,4045,Pave,7,5,Gd,2006,Blmngtn
1295,1396,281213,12665,Pave,8,5,Gd,2005,Timber
1296,1397,160000,57200,Pave,5,5,TA,1948,Timber
1297,1398,137500,6120,Pave,5,8,TA,1920,BrkSide
1298,1399,138000,7200,Pave,5,4,TA,1950,NAmes
1299,1400,137450,6171,Pave,6,6,Gd,1925,SWISU
1300,1401,120000,6000,Pave,6,7,TA,1929,BrkSide
1301,1402,193000,7415,Pave,6,5,TA,2004,Gilbert
1302,1403,193879,6762,Pave,7,5,Gd,2006,CollgCr
1303,1404,282922,15256,Pave,8,5,Gd,2007,Somerst
1304,1405,105000,10410,Pave,3,4,TA,1915,OldTown
1305,1406,275000,3842,Pave,8,5,Gd,2004,Crawfor
1306,1407,133000,8445,Pave,5,7,TA,1972,CollgCr
1307,1408,112000,8780,Pave,5,5,TA,1985,Mitchel
1308,1409,125500,7740,Pave,4,7,TA,1910,OldTown
1309,1410,215000,20544,Pave,7,6,TA,1986,NWAmes
1310,1411,230000,12420,Pave,7,5,Gd,2001,CollgCr
1311,1412,140000,9600,Pave,6,8,TA,1950,NAmes
1312,1413,90000,7200,Pave,4,5,TA,1949,NAmes
1313,1414,257000,10994,Pave,8,5,Gd,2005,SawyerW
1314,1415,207000,13053,Pave,6,7,Gd,1923,BrkSide
1315,1416,175900,3635,Pave,7,5,Gd,2007,Blmngtn
1316,1417,122500,11340,Pave,4,6,TA,1885,OldTown
1317,1418,340000,16545,Pave,8,5,Gd,1998,NoRidge
1318,1419,124000,9204,Pave,5,5,TA,1963,NAmes
1319,1420,223000,16381,Pave,6,5,Gd,1969,Crawfor
1320,1421,179900,11700,Pave,6,6,TA,1968,NWAmes
1321,1422,127500,4043,Pave,6,5,TA,1977,NPkVill
1322,1423,136500,4435,Pave,6,5,Gd,2003,CollgCr
1323,1424,274970,19690,Pave,6,7,Gd,1966,Edwards
1324,1425,144000,9503,Pave,5,5,TA,1958,NAmes
1325,1426,142000,10721,Pave,6,6,Gd,1959,NAmes
1326,1427,271000,10944,Pave,7,5,Gd,1994,NoRidge
1327,1428,140000,10930,Pave,5,6,TA,1945,NAmes
1328,1429,119000,7200,Pave,5,7,Gd,1940,OldTown
1329,1430,182900,12546,Pave,6,7,Gd,1981,NWAmes
1330,1431,192140,21930,Pave,5,5,TA,2005,Gilbert
1331,1432,143750,4928,Pave,6,6,TA,1976,NPkVill
1332,1433,64500,10800,Pave,4,6,TA,1927,OldTown
1333,1434,186500,10261,Pave,6,5,TA,2000,Gilbert
1334,1435,160000,17400,Pave,5,5,TA,1977,Mitchel
1335,1436,174000,8400,Pave,6,9,Gd,1962,NAmes
1336,1437,120500,9000,Pave,4,6,TA,1971,NAmes
1337,1438,394617,12444,Pave,8,5,Ex,2008,NridgHt
1338,1439,149700,7407,Pave,6,7,TA,1957,OldTown
1339,1440,197000,11584,Pave,7,6,TA,1979,NWAmes
1340,1441,191000,11526,Pave,6,7,TA,1922,Crawfor
1341,1442,149300,4426,Pave,6,5,Gd,2004,CollgCr
1342,1443,310000,11003,Pave,10,5,Ex,2008,Somerst
1343,1444,121000,8854,Pave,6,6,Fa,1916,BrkSide
1344,1445,179600,8500,Pave,7,5,Gd,2004,CollgCr
1345,1446,129000,8400,Pave,6,5,TA,1966,Sawyer
1346,1447,157900,26142,Pave,5,7,TA,1962,Mitchel
1347,1448,240000,10000,Pave,8,5,Gd,1995,CollgCr
1348,1449,112000,11767,Pave,4,7,TA,1910,Edwards
1349,1450,92000,1533,Pave,5,7,Ex,1970,MeadowV
1350,1451,136000,9000,Pave,5,5,TA,1974,NAmes
1351,1452,287090,9262,Pave,8,5,Ex,2008,Somerst
1352,1453,145000,3675,Pave,5,5,TA,2005,Edwards
1353,1454,84500,17217,Pave,5,5,TA,2006,Mitchel
1354,1455,185000,7500,Pave,7,5,Gd,2004,Somerst
1355,1456,175000,7917,Pave,6,5,TA,1999,Gilbert
1356,1457,210000,13175,Pave,6,6,TA,1978,NWAmes
1357,1458,266500,9042,Pave,7,9,Gd,1941,Crawfor
1358,1459,142125,9717,Pave,5,6,Gd,1950,NAmes
1359,1460,147500,9937,Pave,5,6,TA,1965,Edwards
